{"backtest": {"final_balance": 4497553.275453828, "cagr": 0.0854676630130764, "stdev": 0.05999671177162156, "annlzd_stdev": 0.20783470615102856, "arith_mean": 0.00864015352531269, "annlzd_arith_mean": 0.108753589659353, "geo_mean": 0.006857650061824927, "annlzd_geo_mean": 0.0854676630130764, "vol": 0.05999671177162156, "annlzd_vol": 0.20783470615102856, "hist_var": -0.08484331823167855, "anal_var": -0.09004565543740116, "c_var": -0.1223243167029377, "best_y": {"year": 2005, "rtn": 0.5395227765726682}, "worst_y": {"year": 2008, "rtn": -0.39341816222489334}, "mdd": -0.46981798632977506, "skewness": 0.08240312131804926, "kurtosis": 1.3700157573965988, "sharpe_rto": 0.3383428807340512, "sortino_rto": 0.5405910994340946, "down_dev": 0.03757097254265539, "momentum_1y": -0.11942143651872916, "vs_market": {"beta": 1.0077328448872003, "alpha": 0.0012837172643964667, "r2": 0.9886157612119015, "corr": 0.9942915876200008}, "vs_benchmark": {"beta": 1.0077328448872003, "alpha": 0.0012837172643964667, "r2": 0.9886157612119015, "corr": 0.9942915876200008}}, "benchmark": {"final_balance": 4366830.486306528, "cagr": 0.0837226833251481, "stdev": 0.05919646868914204, "annlzd_stdev": 0.20506258279650844, "arith_mean": 0.00846776010140451, "annlzd_arith_mean": 0.10648167238983097, "geo_mean": 0.006722666613922401, "annlzd_geo_mean": 0.08372268332514876, "vol": 0.05919646868914204, "annlzd_vol": 0.20506258279650844, "hist_var": -0.08507427703995786, "anal_var": -0.08890176612465006, "c_var": -0.12450836382085036, "best_y": {"year": 2005, "rtn": 0.5396129118671309}, "worst_y": {"year": 2008, "rtn": -0.40727836257926453}, "mdd": -0.4851781001041239, "skewness": -0.03997516410151107, "kurtosis": 1.7527584797794442, "sharpe_rto": 0.33281954168409, "sortino_rto": 0.5248635017097468, "down_dev": 0.03755899381691893, "momentum_1y": -0.12395343844667617, "vs_market": {"beta": 1.0, "alpha": 0.0, "r2": 1.0, "corr": 1.0}, "vs_benchmark": {"beta": 1.0, "alpha": 0.0, "r2": 1.0, "corr": 1.0}}}
